INDEX,GENE,PROTEIN,ACC_ID,ORGANISM,MOD_RSD,SITE_+/-7_AA,SITE_+/-15_AA,RESIDUE,POSITION,LENGTH,LABEL,Transport_Direction,PMID
Q92985_S477,IRF7,IRF7,Q92985,human,S477-p,VssLDSSsLsLCLsS,LEGTQREGVSSLDSSSLSLCLSSANSLYDDI,S,477,503,promote_import,Nuclear Import,10893229
Q92985_S479,IRF7,IRF7,Q92985,human,S479-p,sLDSSsLsLCLsSAN,GTQREGVSSLDSSSLSLCLSSANSLYDDIEC,S,479,503,promote_import,Nuclear Import,10893229
P04637_T304,TP53,p53,P04637,human,T304-p,HELPPGStkRALPNN,LRKKGEPHHELPPGSTKRALPNNTSSSPQPK,T,304,393,promote_import,Nuclear Import,26384650
P04637_T377,TP53,p53,P04637,human,T377-p,kskkGQstsRHkkLM,SRAHSSHLKSKKGQSTSRHKKLMFKTEGPDS,T,377,393,promote_import,Nuclear Import,26384650
Q15797_S462,SMAD1,SMAD1,Q15797,human,S462-p,GsPHNPIssVs____,LDKVLTQMGSPHNPISSVS,S,462,465,promote_import,Nuclear Import,9335504
Q15797_S463,SMAD1,SMAD1,Q15797,human,S463-p,sPHNPIssVs_____,DKVLTQMGSPHNPISSVS,S,463,465,promote_import,Nuclear Import,9335504
Q15797_S465,SMAD1,SMAD1,Q15797,human,S465-p,HNPIssVs_______,VLTQMGSPHNPISSVS,S,465,465,promote_import,Nuclear Import,9335504
P84022_S423,SMAD3,SMAD3,P84022,human,S423-p,sPsIRCssVs_____,DKVLTQMGSPSIRCSSVS,S,423,425,promote_import,Nuclear Import,21148321
P84022_S425,SMAD3,SMAD3,P84022,human,S425-p,sIRCssVs_______,VLTQMGSPSIRCSSVS,S,425,425,promote_import,Nuclear Import,21148321
O95863_S107,SNAI1,Snail1,O95863,human,S107-p,sQPPsPPsPAPssFS,SDEDSGKGSQPPSPPSPAPSSFSSTSVSSLE,S,107,264,promote_export,Nuclear Export,15448698
O95863_S111,SNAI1,Snail1,O95863,human,S111-p,sPPsPAPssFSsTSV,SGKGSQPPSPPSPAPSSFSSTSVSSLEAEAY,S,111,264,promote_export,Nuclear Export,15448698
O95863_S115,SNAI1,Snail1,O95863,human,S115-p,PAPssFSsTSVsSLE,SQPPSPPSPAPSSFSSTSVSSLEAEAYAAFP,S,115,264,promote_export,Nuclear Export,15448698
O95863_S119,SNAI1,Snail1,O95863,human,S119-p,sFSsTSVsSLEAEAY,SPPSPAPSSFSSTSVSSLEAEAYAAFPGLGQ,S,119,264,promote_export,Nuclear Export,15448698
Q16236_T439,NFE2L2,NRF2,Q16236,human,T439-p,VsPGHrktPFTkDkH,NTPEKELPVSPGHRKTPFTKDKHSSRLEAHL,T,439,605,promote_import,Nuclear Import,25909891
Q12778_S322,FOXO1,FOXO1A,Q12778,human,S322-p,PRtssNAstIsGRLs,FDNWSTFRPRTSSNASTISGRLSPIMTEQDD,S,322,655,promote_export,Nuclear Export,14664696
Q16236_S433,NFE2L2,NRF2,Q16236,human,S433-p,PEKELPVsPGHrktP,HDAQCENTPEKELPVSPGHRKTPFTKDKHSS,S,433,605,promote_import,Nuclear Import,25909891
Q12778_S416,FOXO1,FOXO1A,Q12778,human,S416-p,PPNTSLNsPsPNYQK,QTPCYSFAPPNTSLNSPSPNYQKYTYGQSSM,S,416,655,promote_export,Nuclear Export,20061393
Q16236_S408,NFE2L2,NRF2,Q16236,human,S408-p,GDMVQPLsPSQGQST,PKTPVHSSGDMVQPLSPSQGQSTHVHDAQCE,S,408,605,promote_import,Nuclear Import,19668370
Q16236_T559,NFE2L2,NRF2,Q16236,human,T559-p,LLkkQLstLyLEVFS,GENDKSLHLLKKQLSTLYLEVFSMLRDEDGK,T,559,605,promote_import,Nuclear Import,19668370
Q16236_T395,NFE2L2,NRF2,Q16236,human,T395-p,VKQNGPKtPVHSSGD,ELDSAPGSVKQNGPKTPVHSSGDMVQPLSPS,T,395,605,promote_import,Nuclear Import,25909891
Q12778_S418,FOXO1,FOXO1A,Q12778,human,S418-p,NTSLNsPsPNYQKYT,PCYSFAPPNTSLNSPSPNYQKYTYGQSSMSP,S,418,655,promote_export,Nuclear Export,20061393
Q12778_S329,FOXO1,FOXO1A,Q12778,human,S329-p,stIsGRLsPIMtEQD,RPRTSSNASTISGRLSPIMTEQDDLGEGDVH,S,329,655,promote_export,Nuclear Export,14664696
Q12778_S325,FOXO1,FOXO1A,Q12778,human,S325-p,ssNAstIsGRLsPIM,WSTFRPRTSSNASTISGRLSPIMTEQDDLGE,S,325,655,promote_export,Nuclear Export,14664696
Q12778_S319,FOXO1,FOXO1A,Q12778,human,S319-p,TFRPRtssNAstIsG,NDDFDNWSTFRPRTSSNASTISGRLSPIMTE,S,319,655,promote_export,Nuclear Export,14664696
Q12778_S287,FOXO1,FOXO1A,Q12778,human,S287-p,GQEGAGDsPGSQFsk,KKKASLQSGQEGAGDSPGSQFSKWPASPGSH,S,287,655,promote_export,Nuclear Export,20061393
Q16236_S558,NFE2L2,NRF2,Q16236,human,S558-p,HLLkkQLstLyLEVF,KGENDKSLHLLKKQLSTLYLEVFSMLRDEDG,S,558,605,promote_import,Nuclear Import,19668370
Q16236_S215,NFE2L2,NRF2,Q16236,human,S215-p,VETTMVPsPEAKLTE,LNIENDKLVETTMVPSPEAKLTEVDNYHFYS,S,215,605,promote_import,Nuclear Import,19668370
Q12778_S383,FOXO1,FOXO1A,Q12778,human,S383-p,DNLNLLSsPTSLTVS,PENMENLLDNLNLLSSPTSLTVSTQSSPGTM,S,383,655,promote_export,Nuclear Export,20061393
Q16236_S577,NFE2L2,NRF2,Q16236,human,S577-p,DEDGkPysPSEYSLQ,LEVFSMLRDEDGKPYSPSEYSLQQTRDGNVF,S,577,605,promote_import,Nuclear Import,19668370
