INDEX,GENE,PROTEIN,ACC_ID,ORGANISM,MOD_RSD,SITE_+/-7_AA,SITE_+/-15_AA,RESIDUE,POSITION,LENGTH,LABEL,Transport_Direction
P10275_S83,AR,AR,P10275,human,S83-p,QQQQQEtsPRQQQQQ,QQQQQQQQQQQQQETSPRQQQQQQGEDGSPQ,S,83,920,promote_import,Nuclear Import
P10275_S96,AR,AR,P10275,human,S96-p,QQQGEDGsPQAHRRG,ETSPRQQQQQQGEDGSPQAHRRGPTGYLVLD,S,96,920,promote_import,Nuclear Import
P10275_S516,AR,AR,P10275,human,S516-p,VSRVPYPsPTCVkSE,DVWYPGGMVSRVPYPSPTCVKSEMGPWMDSY,S,516,920,promote_import,Nuclear Import
P10275_Y535,AR,AR,P10275,human,Y535-p,MDSYSGPyGDMRLET,VKSEMGPWMDSYSGPYGDMRLETARDHVLPI,Y,535,920,promote_import,Nuclear Import
P10275_S651,AR,AR,P10275,human,S651-p,GEASSTTsPTEETTQ,GNLKLQEEGEASSTTSPTEETTQKLTVSHIE,S,651,920,promote_import,Nuclear Import
P10275_T851,AR,AR,P10275,human,T851-p,ACkRkNPtSCSRRFy,IKELDRIIACKRKNPTSCSRRFYQLTKLLDS,T,851,920,promote_import,Nuclear Import
P15336_T52,ATF2,ATF-2,P15336,human,T52-p,HkHKHEMtLKFGPAR,TNEDHLAVHKHKHEMTLKFGPARNDSVIVAD,T,52,505,promote_import,Nuclear Import
P15336_S121,ATF2,ATF-2,P15336,human,S121-p,LAtPIIRsKIEEPSV,KMPLDLSPLATPIIRSKIEEPSVVETTHQDS,S,121,505,promote_import,Nuclear Import
P17676_S288,CEBPB,C/EBP-beta,P17676,human,S288-p,NNIAVRKsRDKAKMR,EYKIRRERNNIAVRKSRDKAKMRNLETQHKV,S,288,345,promote_import,Nuclear Import
O15516_T451,CLOCK,CLOCK,O15516,human,T451-p,AVsDPSStPTKIPTD,SSRKSSHTAVSDPSSTPTKIPTDTSTPPRQH,T,451,846,promote_import,Nuclear Import
O15516_T461,CLOCK,CLOCK,O15516,human,T461-p,KIPTDTstPPRQHLP,SDPSSTPTKIPTDTSTPPRQHLPAHEKMVQR,T,461,846,promote_import,Nuclear Import
Q9UI36_S491,DACH1,DACH1,Q9UI36,human,S491-p,IKERVPDsPsPAPsL,PSRVETSVIKERVPDSPSPAPSLEEGRRPGS,S,491,758,promote_import,Nuclear Import
Q9UI36_S493,DACH1,DACH1,Q9UI36,human,S493-p,ERVPDsPsPAPsLEE,RVETSVIKERVPDSPSPAPSLEEGRRPGSHP,S,493,758,promote_import,Nuclear Import
Q9UI36_S581,DACH1,DACH1,Q9UI36,human,S581-p,EKDEtPLstPtARDs,HESKRMHIEKDETPLSTPTARDSLDKLSLTG,S,581,758,promote_import,Nuclear Import
P15923_S39,TCF3,E2A,P15923,human,S39-p,NGkGRPAsLAGAQFG,MMFPLPVTNGKGRPASLAGAQFGGSGLEDRP,S,39,654,promote_import,Nuclear Import
Q01094_S332,E2F1,E2F1,Q01094,human,S332-p,TDSATIVsPPPSsPP,TSEEENRATDSATIVSPPPSSPPSSLTTDPS,S,332,437,promote_import,Nuclear Import
Q16254_S244,E2F4,E2F4,Q16254,human,S244-p,QEASRPNsPQLTPTA,PKPALAQSQEASRPNSPQLTPTAVPGSAEVQ,S,244,413,promote_import,Nuclear Import
Q16254_S384,E2F4,E2F4,Q16254,human,S384-p,FAPLLRLsPPPGDHD,EELMSSEVFAPLLRLSPPPGDHDYIYNLDES,S,384,413,promote_import,Nuclear Import
P43268_Y392,ETV4,ETV4,P43268,human,Y392-p,KNRPAMNyDKLSRSL,VARLWGIQKNRPAMNYDKLSRSLRYYYEKGI,Y,392,484,promote_import,Nuclear Import
Q08050_S25,FOXM1,FOXM1,Q08050,human,S25-p,LPVQNAPsETSEEEP,ILKRRRLPLPVQNAPSETSEEEPKRSPAQQE,S,25,763,promote_import,Nuclear Import
O43524_S7,FOXO3,FOXO3A,O43524,human,S7-p,_MAEAPAsPAPLsPL,MAEAPASPAPLSPLEVELDPEF,S,7,673,promote_import,Nuclear Import
O43524_S209,FOXO3,FOXO3A,O43524,human,S209-p,SSAGWkNsIRHNLsL,FKDKGDSNSSAGWKNSIRHNLSLHSRFMRVQ,S,209,673,promote_import,Nuclear Import
O43524_S574,FOXO3,FOXO3A,O43524,human,S574-p,SAkHQQQsPVSQSMQ,LSESSSLGSAKHQQQSPVSQSMQTLSDSLSG,S,574,673,promote_import,Nuclear Import
P08151_S84,GLI1,GLI1,P08151,human,S84-p,LTKKRALsISPLSDA,SSPRSAVKLTKKRALSISPLSDASLDLQTVI,S,84,1106,promote_import,Nuclear Import
P08151_T394,GLI1,GLI1,P08151,human,T394-p,HGPDAHVtKRHRGDG,LRKHVKTVHGPDAHVTKRHRGDGPLPRAPSI,T,394,1106,promote_import,Nuclear Import
P08151_S1089,GLI1,GLI1,P08151,human,S1089-p,NMAVGNMsVLLRSLP,TPPPSGPPNMAVGNMSVLLRSLPGETEFLNS,S,1089,1106,promote_import,Nuclear Import
P10070_S149,GLI2,GLI2,P10070,human,S149-p,IsAArGLsPADVAQE,HSSPTLSMISAARGLSPADVAQEHLKERGLF,S,149,1586,promote_import,Nuclear Import
Q9NZI5_S76,GRHL1,GRHL1,Q9NZI5,human,S76-p,KVPRERRssTAKPEV,LGLLYDYYKVPRERRSSTAKPEVEHPEPDHS,S,76,618,promote_import,Nuclear Import
P78347_Y248,GTF2I,GTF2I,P78347,human,Y248-p,EESEDPDyyQYNIQA,EMAAVTVKEESEDPDYYQYNIQAGPSETDDV,Y,248,998,promote_import,Nuclear Import
Q9ULV5_T471,HSF4,HSF4,Q9ULV5,human,T471-p,LGLPGALtIYSTPES,QAALGGPALGLPGALTIYSTPESRTASYLGP,T,471,492,promote_import,Nuclear Import
Q13568_S435,IRF5,IRF5,Q13568,human,S435-p,EMFSGELsWsADsIR,PVAARLLLEMFSGELSWSADSIRLQISNPDL,S,435,498,promote_import,Nuclear Import
Q14814_S251,MEF2D,MEF2D,Q14814,human,S251-p,NkVIPAksPPPPtHS,PVANGNSLNKVIPAKSPPPPTHSTQLGAPSR,S,251,521,promote_import,Nuclear Import
Q13469_S79,NFATC2,NFAT1,Q13469,human,S79-p,YsPLASLsGEPPGRF,VLDYGLKPYSPLASLSGEPPGRFGEPDRVGP,S,79,925,promote_import,Nuclear Import
O95644_Y371,NFATC1,NFAT2,O95644,human,Y371-p,ADFAPEDySSFQHIR,DLGSPPPPADFAPEDYSSFQHIRKGGFCDQY,Y,371,943,promote_import,Nuclear Import
Q04206_S276,RELA,NFkB-p65,Q04206,human,S276-p,sMQLRRPsDRELsEP,SLQAPVRVSMQLRRPSDRELSEPMEFQYLPD,S,276,551,promote_import,Nuclear Import
Q04206_S316,RELA,NFkB-p65,Q04206,human,S316-p,FksIMkksPFsGPtD,KRKRTYETFKSIMKKSPFSGPTDPRPPPRRI,S,316,551,promote_import,Nuclear Import
Q04206_S529,RELA,NFkB-p65,Q04206,human,S529-p,GLPNGLLsGDEDFSs,APAPLGAPGLPNGLLSGDEDFSSIADMDFSA,S,529,551,promote_import,Nuclear Import
Q04206_S536,RELA,NFkB-p65,Q04206,human,S536-p,sGDEDFSsIADMDFS,PGLPNGLLSGDEDFSSIADMDFSALLSQISS,S,536,551,promote_import,Nuclear Import
Q96RI1_Y77,NR1H4,NR1H4,Q96RI1,human,Y77-p,QISSSSYySNLGFYP,VQFPQVQPQISSSSYYSNLGFYPQQPEEWYS,Y,77,486,promote_import,Nuclear Import
Q16656_T259,NRF1,NRF1,Q16656,human,T259-p,QKQRVSWtQALRTIV,RSDVRTEEQKQRVSWTQALRTIVKNCYKQHG,T,259,503,promote_import,Nuclear Import
P06401_S294,PGR,PR,P06401,human,S294-p,APMAPGRsPLATTVM,RVALVEQDAPMAPGRSPLATTVMDFIHVPIL,S,294,933,promote_import,Nuclear Import
P84022_T179,SMAD3,SMAD3,P84022,human,T179-p,PQSNIPEtPPPGYLS,TNFPAGIEPQSNIPETPPPGYLSEDGETSDH,T,179,425,promote_import,Nuclear Import
P84022_S416,SMAD3,SMAD3,P84022,human,S416-p,KVLtQMGsPsIRCss,NGPLQWLDKVLTQMGSPSIRCSSVS,S,416,425,promote_import,Nuclear Import
P84022_S418,SMAD3,SMAD3,P84022,human,S418-p,LtQMGsPsIRCssVs,PLQWLDKVLTQMGSPSIRCSSVS,S,418,425,promote_import,Nuclear Import
O95863_S246,SNAI1,Snail1,O95863,human,S246-p,QACARTFsRMsLLHK,SDVKKYQCQACARTFSRMSLLHKHQESGCSG,S,246,264,promote_import,Nuclear Import
P48436_S64,SOX9,SOX9,P48436,human,S64-p,EPDLkKEsEEDkFPV,QENTFPKGEPDLKKESEEDKFPVCIREAVSQ,S,64,509,promote_import,Nuclear Import
P48436_S181,SOX9,SOX9,P48436,human,S181-p,YQPRRRKsVKNGQAE,KKDHPDYKYQPRRRKSVKNGQAEAEEATEQT,S,181,509,promote_import,Nuclear Import
P42224_Y701,STAT1,STAT1,P42224,human,Y701-p,DGPkGtGyIktELIs,EAPEPMELDGPKGTGYIKTELISVSEVHPSR,Y,701,750,promote_import,Nuclear Import
P52630_Y690,STAT2,STAT2,P52630,human,Y690-p,NLQERRKyLKHRLIV,GCYYQEKVNLQERRKYLKHRLIVVSNRQVDE,Y,690,851,promote_import,Nuclear Import
P40763_Y705,STAT3,STAT3,P40763,human,Y705-p,DPGsAAPyLktKFIC,ESQEHPEADPGSAAPYLKTKFICVTPTTCSN,Y,705,770,promote_import,Nuclear Import
Q14765_Y693,STAT4,STAT4,Q14765,human,Y693-p,TERGDkGyVPSVFIP,QPCEVSRPTERGDKGYVPSVFIPISTIRSDS,Y,693,748,promote_import,Nuclear Import
P42229_Y694,STAT5A,STAT5A,P42229,human,Y694-p,LAkAVDGyVkPQIkQ,FSKYYTPVLAKAVDGYVKPQIKQVVPEFVNA,Y,694,794,promote_import,Nuclear Import
P42226_S407,STAT6,STAT6,P42226,human,S407-p,PIQLQALsLPLVVIV,FTLGPGKLPIQLQALSLPLVVIVHGNQDNNA,S,407,847,promote_import,Nuclear Import
P42226_Y641,STAT6,STAT6,P42226,human,Y641-p,MGkDGRGyVPAtIkM,RSHYKPEQMGKDGRGYVPATIKMTVERDQPL,Y,641,847,promote_import,Nuclear Import
O15119_S719,TBX3,TBX3,O15119,human,S719-p,AEkEAAtsELQSIQR,MSLSPKLCAEKEAATSELQSIQRLVSGLEAK,S,719,743,promote_import,Nuclear Import
P67809_T89,YBX1,YB-1,P67809,human,T89-p,EDVFVHQtAIkkNNP,FINRNDTKEDVFVHQTAIKKNNPRKYLRSVG,T,89,324,promote_import,Nuclear Import
P67809_S102,YBX1,YB-1,P67809,human,S102-p,NPRKyLrsVGDGEtV,HQTAIKKNNPRKYLRSVGDGETVEFDVVEGE,S,102,324,promote_import,Nuclear Import
P67809_S165,YBX1,YB-1,P67809,human,S165-p,yQQNyQNsEsGEkNE,RRRGPPRNYQQNYQNSESGEKNEGSESAPEG,S,165,324,promote_import,Nuclear Import
P67809_S176,YBX1,YB-1,P67809,human,S176-p,EkNEGsEsAPEGQAQ,NYQNSESGEKNEGSESAPEGQAQQRRPYRRR,S,176,324,promote_import,Nuclear Import
P67809_Y281,YBX1,YB-1,P67809,human,Y281-p,QQPPQrryRRNFNyR,NQGDETQGQQPPQRRYRRNFNYRRRRPENPK,Y,281,324,promote_import,Nuclear Import
Q01196_S67,RUNX1,AML1,Q01196,human,S67-p,GELVRTDsPNFLCSV,VEVLADHPGELVRTDSPNFLCSVLPTHWRCN,S,67,453,promote_export,Nuclear Export
Q01196_T207,RUNX1,AML1,Q01196,human,T207-p,ELEQLRrtAMrVsPH,LSFSERLSELEQLRRTAMRVSPHHPAPTPNP,T,207,453,promote_export,Nuclear Export
Q96RK0_S1082,CIC,capicua,Q96RK0,human,S1082-p,PGKRRtQsLsALPKE,PEIQLPLPPGKRRTQSLSALPKERDSSSEKD,S,1082,2517,promote_export,Nuclear Export
Q96RK0_S1210,CIC,capicua,Q96RK0,human,S1210-p,EtRERsMsEtGtAAA,LGLAGGHKETRERSMSETGTAAAPGVSSELL,S,1210,2517,promote_export,Nuclear Export
O15516_S106,CLOCK,CLOCK,O15516,human,S106-p,DWKPTFLsNEEFTQL,SDASEIRQDWKPTFLSNEEFTQLMLEALDGF,S,106,846,promote_export,Nuclear Export
Q01094_S403,E2F1,E2F1,Q01094,human,S403-p,PEEFISLsPPHEALD,REDFSGLLPEEFISLSPPHEALDYHFGLEEG,S,403,437,promote_export,Nuclear Export
Q01094_T433,E2F1,E2F1,Q01094,human,T433-p,DCDFGDLtPLDF___,GEGIRDLFDCDFGDLTPLDF,T,433,437,promote_export,Nuclear Export
P03372_Y537,ESR1,ER-alpha,P03372,human,Y537-p,CKNVVPLyDLLLEML,MEHLYSMKCKNVVPLYDLLLEMLDAHRLHAP,Y,537,595,promote_export,Nuclear Export
P50548_S161,ERF,ERF,P50548,human,S161-p,sPtEDPRsPPACssS,PSTPSEVLSPTEDPRSPPACSSSSSSLFSAV,S,161,548,promote_export,Nuclear Export
P50548_S246,ERF,ERF,P50548,human,S246-p,RGGPEPLsPFPVsPL,VFRVYPRPRGGPEPLSPFPVSPLAGPGSLLP,S,246,548,promote_export,Nuclear Export
P50548_S251,ERF,ERF,P50548,human,S251-p,PLsPFPVsPLAGPGS,PRPRGGPEPLSPFPVSPLAGPGSLLPPQLSP,S,251,548,promote_export,Nuclear Export
P50548_T526,ERF,ERF,P50548,human,T526-p,GEAGGPLtPRRVssD,KKVRGEGPGEAGGPLTPRRVSSDLQHATAQL,T,526,548,promote_export,Nuclear Export
Q9Y261_T156,FOXA2,FOXA2,Q9Y261,human,T156-p,KTYRRSYtHAKPPYS,GLSRARDPKTYRRSYTHAKPPYSYISLITMA,T,156,457,promote_export,Nuclear Export
O43524_T32,FOXO3,FOXO3A,O43524,human,T32-p,QsRPRsCtWPLQRPE,ELDPEFEPQSRPRSCTWPLQRPELQASPAKP,T,32,673,promote_export,Nuclear Export
O43524_S253,FOXO3,FOXO3A,O43524,human,S253-p,APRRRAVsMDNSNkY,PDGGKSGKAPRRRAVSMDNSNKYTKSRGRAA,S,253,673,promote_export,Nuclear Export
O43524_S315,FOXO3,FOXO3A,O43524,human,S315-p,DFRsRTNsNAstVsG,SDELDAWTDFRSRTNSNASTVSGRLSPIMAS,S,315,673,promote_export,Nuclear Export
O43524_S318,FOXO3,FOXO3A,O43524,human,S318-p,sRTNsNAstVsGRLs,LDAWTDFRSRTNSNASTVSGRLSPIMASTEL,S,318,673,promote_export,Nuclear Export
O43524_S644,FOXO3,FOXO3A,O43524,human,S644-p,GLDFNFDsLISTQNV,RSELMDADGLDFNFDSLISTQNVVGLNVGNF,S,644,673,promote_export,Nuclear Export
P01106_Y89,MYC,Myc,P01106,human,Y89-p,sGLCsPSyVAVtPFs,PPLSPSRRSGLCSPSYVAVTPFSLRGDNDGG,Y,89,454,promote_export,Nuclear Export
O95644_S245,NFATC1,NFAT2,O95644,human,S245-p,PSTsPRAsVTEEsWL,LLGSPRHSPSTSPRASVTEESWLGARSSRPA,S,245,943,promote_export,Nuclear Export
O95644_S294,NFATC1,NFAT2,O95644,human,S294-p,PHGsPRVsVTDDSWL,PHHSPTPSPHGSPRVSVTDDSWLGNTTQYTS,S,294,943,promote_export,Nuclear Export
Q04206_S205,RELA,NFkB-p65,Q04206,human,S205-p,RVNRNSGsCLGGDEI,NTAELKICRVNRNSGSCLGGDEIFLLCDKVQ,S,205,551,promote_export,Nuclear Export
Q04206_S281,RELA,NFkB-p65,Q04206,human,S281-p,RPsDRELsEPMEFQY,VRVSMQLRRPSDRELSEPMEFQYLPDTDDRH,S,281,551,promote_export,Nuclear Export
Q01860_S111,POU5F1,2025-10-04 00:00:00,Q01860,human,S111-p,EsNsDGAsPEPCtVt,EGEAGVGVESNSDGASPEPCTVTPGAVKLEK,S,111,360,promote_export,Nuclear Export
P04637_T55,TP53,p53,P04637,human,T55-p,DDIEQWFtEDPGPDE,MDDLMLSPDDIEQWFTEDPGPDEAPRMPEAA,T,55,393,promote_export,Nuclear Export
P04637_S367,TP53,p53,P04637,human,S367-p,GGsRAHssHLkskkG,DAQAGKEPGGSRAHSSHLKSKKGQSTSRHKK,S,367,393,promote_export,Nuclear Export
P04637_S376,TP53,p53,P04637,human,S376-p,LkskkGQstsRHkkL,GSRAHSSHLKSKKGQSTSRHKKLMFKTEGPD,S,376,393,promote_export,Nuclear Export
O95863_S11,SNAI1,Snail1,O95863,human,S11-p,SFLVRKPsDPNRKPN,MPRSFLVRKPSDPNRKPNYSELQDSN,S,11,264,promote_export,Nuclear Export
O95863_S96,SNAI1,Snail1,O95863,human,S96-p,TsLsDEDsGkGsQPP,ESPRVAELTSLSDEDSGKGSQPPSPPSPAPS,S,96,264,promote_export,Nuclear Export
O95863_S100,SNAI1,Snail1,O95863,human,S100-p,DEDsGkGsQPPsPPs,VAELTSLSDEDSGKGSQPPSPPSPAPSSFSS,S,100,264,promote_export,Nuclear Export
P42229_S726,STAT5A,STAT5A,P42229,human,S726-p,TYMDQAPsPAVCPQA,ADAGGSSATYMDQAPSPAVCPQAPYNMYPQN,S,726,794,promote_export,Nuclear Export
P41212_S257,ETV6,Tel,P41212,human,S257-p,ESHPKPSsPRQESTR,NNHCPASSESHPKPSSPRQESTRVIQLMPSP,S,257,452,promote_export,Nuclear Export
P19532_S246,TFE3,TFE3,P19532,human,S246-p,PTGSAPNsPMALLTI,PEAAHTTGPTGSAPNSPMALLTIGSSSEKEI,S,246,575,promote_export,Nuclear Export
P41235_Y288,HNF4A,HNF4 alpha,P41235,human,Y288-p,IDDNEyAyLKAIIFF,VLPFQELQIDDNEYAYLKAIIFFDPDAKGLS,Y,288,474,promote_export,Nuclear Export
Q00613_S230,HSF1,HSF1,Q00613,human,S230-p,PkYSRQFsLEHVHGS,DSGSAHSMPKYSRQFSLEHVHGSGPYSAPSP,S,230,529,promote_import,Nuclear Import
Q13761_T151,RUNX3,AML2,Q13761,human,T151-p,SGRGksFtLtItVFT,NDLRFVGRSGRGKSFTLTITVFTNPTQVATY,T,151,415,promote_export,Nuclear Export
Q12778_T402,FOXO1,FOXO1A,Q12778,human,T402-p,PGTMMQQtPCYSFAP,LTVSTQSSPGTMMQQTPCYSFAPPNTSLNSP,T,402,655,promote_export,Nuclear Export
O94916_S134,NFAT5,NFAT5,O94916,human,S134-p,NtVQQHPstPkRHtV,VSEKQLTSNTVQQHPSTPKRHTVLYISPPPE,S,134,1531,promote_import,Nuclear Import
P41235_Y286,HNF4A,HNF4 alpha,P41235,human,Y286-p,LQIDDNEyAyLKAII,ELVLPFQELQIDDNEYAYLKAIIFFDPDAKG,Y,286,474,promote_export,Nuclear Export
Q16236_T369,NFE2L2,NRF2,Q16236,human,T369-p,ESSSYGDtLLGLsDs,VASPEHSVESSSYGDTLLGLSDSEVEELDSA,T,369,605,promote_export,Nuclear Export
Q00613_S303,HSF1,HSF1,Q00613,human,S303-p,RVkEEPPsPPQsPRV,PLSSSPLVRVKEEPPSPPQSPRVEEASPGRP,S,303,529,promote_export,Nuclear Export
O94916_S158,NFAT5,NFAT5,O94916,human,S158-p,LLDNsRMsCQDEGCG,YISPPPEDLLDNSRMSCQDEGCGLESEQSCS,S,158,1531,promote_export,Nuclear Export
Q12778_T649,FOXO1,FOXO1A,Q12778,human,T649-p,PHSVKTttHsWVsG_,NVLPNQSFPHSVKTTTHSWVSG,T,649,655,promote_import,Nuclear Import
P98177_T455,FOXO4,FOXO4,P98177,human,T455-p,ALGtPVLtPPtEAAS,MASAPIPKALGTPVLTPPTEAASQDRMPQDL,T,455,505,promote_import,Nuclear Import
Q03060_S271,CREM,CREM,Q03060,human,S271-p,QGVVMAAsPGsLHsP,RAPTAALPQGVVMAASPGSLHSPQQLAEEAT,S,271,345,promote_export,Nuclear Export
P98177_T451,FOXO4,FOXO4,P98177,human,T451-p,PIPKALGtPVLtPPt,PPPVMASAPIPKALGTPVLTPPTEAASQDRM,T,451,505,promote_import,Nuclear Import
Q13761_T155,RUNX3,AML2,Q13761,human,T155-p,ksFtLtItVFTNPTQ,FVGRSGRGKSFTLTITVFTNPTQVATYHRAI,T,155,415,promote_export,Nuclear Export
O94916_T135,NFAT5,NFAT5,O94916,human,T135-p,tVQQHPstPkRHtVL,SEKQLTSNTVQQHPSTPKRHTVLYISPPPED,T,135,1531,promote_import,Nuclear Import
Q00613_S307,HSF1,HSF1,Q00613,human,S307-p,EPPsPPQsPRVEEAs,SPLVRVKEEPPSPPQSPRVEEASPGRPSSVD,S,307,529,promote_export,Nuclear Export
Q00613_S320,HSF1,HSF1,Q00613,human,S320-p,AsPGRPssVDtLLsP,PQSPRVEEASPGRPSSVDTLLSPTALIDSIL,S,320,529,promote_import,Nuclear Import
Q13761_T209,RUNX3,AML2,Q13761,human,T209-p,ERLRMRVtPstPsPr,FPDRFGDLERLRMRVTPSTPSPRGSLSTTSH,T,209,415,promote_export,Nuclear Export
Q14653_Y107,IRF3,IRF3,Q14653,human,Y107-p,PHDPHkIyEFVNSGV,LAEDRSKDPHDPHKIYEFVNSGVGDFSQPDT,Y,107,427,promote_import,Nuclear Import
Q13761_S149,RUNX3,AML2,Q13761,human,S149-p,GRSGRGksFtLtItV,RFNDLRFVGRSGRGKSFTLTITVFTNPTQVA,S,149,415,promote_export,Nuclear Export
Q14653_S398,IRF3,IRF3,Q14653,human,S398-p,VDLHIsNsHPLsLts,GASSLENTVDLHISNSHPLSLTSDQYKAYLQ,S,398,427,promote_import,Nuclear Import
Q12778_T24,FOXO1,FOXO1A,Q12778,human,T24-p,LPRPRsCtWPLPRPE,EIDPDFEPLPRPRSCTWPLPRPEFSQSNSAT,T,24,655,promote_export,Nuclear Export
Q12778_S394,FOXO1,FOXO1A,Q12778,human,S394-p,LTVSTQSsPGTMMQQ,NLLSSPTSLTVSTQSSPGTMMQQTPCYSFAP,S,394,655,promote_export,Nuclear Export
P19484_S467,TFEB,TFEB,P19484,human,S467-p,KASsRRssFsMEEGD,STMSPEASKASSRRSSFSMEEGDVL,S,467,476,promote_import,Nuclear Import
Q12778_S276,FOXO1,FOXO1A,Q12778,human,S276-p,RAAKKkAsLQSGQEG,SKFAKSRSRAAKKKASLQSGQEGAGDSPGSQ,S,276,655,promote_import,Nuclear Import
O94916_S155,NFAT5,NFAT5,O94916,human,S155-p,PEDLLDNsRMsCQDE,TVLYISPPPEDLLDNSRMSCQDEGCGLESEQ,S,155,1531,promote_export,Nuclear Export
Q13422_S364,IKZF1,Ikaros,Q13422,human,S364-p,GtPRsNHsAQDsAVE,QLHKPLAEGTPRSNHSAQDSAVENLLLLSKA,S,364,519,promote_import,Nuclear Import
Q13761_T153,RUNX3,AML2,Q13761,human,T153-p,RGksFtLtItVFTNP,LRFVGRSGRGKSFTLTITVFTNPTQVATYHR,T,153,415,promote_export,Nuclear Export
Q13422_S361,IKZF1,Ikaros,Q13422,human,S361-p,LAEGtPRsNHsAQDs,PMYQLHKPLAEGTPRSNHSAQDSAVENLLLL,S,361,519,promote_import,Nuclear Import
P08235_T800,NR3C2,MCR,P08235,human,T800-p,LPLEDQItLIQYSWM,KVLPGFKNLPLEDQITLIQYSWMCLSSFALS,T,800,984,promote_import,Nuclear Import
P08235_S936,NR3C2,MCR,P08235,human,S936-p,DSMHDLVsDLLEFCF,FYQLTKLLDSMHDLVSDLLEFCFYTFRESHA,S,936,984,promote_import,Nuclear Import
